device_type,year_month,orders,units_sold,units_refunded,net_units_aft_refunds,refund_rate,revenue_remained_aft_refund_pct,revenue_usd,cogs_usd,gross_profit_usd,average_sale_amount,gross_margin_pct,average_order_value,refund_amount_usd,revenue_aft_refunds
desktop,2012-03,50,50,0,50,0.00,100.00,2499.50,974.50,1525.00,49.99,61.01,49.99,0.00,2499.50
desktop,2012-04,84,84,4,80,4.76,95.24,4199.16,1637.16,2562.00,49.99,61.01,49.99,199.96,3999.20
desktop,2012-05,96,96,5,91,5.21,94.79,4799.04,1871.04,2928.00,49.99,61.01,49.99,249.95,4549.09
desktop,2012-06,131,131,5,126,3.82,96.18,6548.69,2553.19,3995.50,49.99,61.01,49.99,249.95,6298.74
desktop,2012-07,150,150,13,137,8.67,91.33,7498.50,2923.50,4575.00,49.99,61.01,49.99,649.87,6848.63
desktop,2012-08,215,215,18,197,8.37,91.63,10747.85,4190.35,6557.50,49.99,61.01,49.99,899.82,9848.03
desktop,2012-09,261,261,18,243,6.90,93.10,13047.39,5086.89,7960.50,49.99,61.01,49.99,899.82,12147.57
desktop,2012-10,337,337,21,316,6.23,93.77,16846.63,6568.13,10278.50,49.99,61.01,49.99,1049.79,15796.84
desktop,2012-11,563,563,39,524,6.93,93.07,28144.37,10972.87,17171.50,49.99,61.01,49.99,1949.61,26194.76
desktop,2012-12,466,466,33,433,7.08,92.92,23295.34,9082.34,14213.00,49.99,61.01,49.99,1649.67,21645.67
desktop,2013-01,344,344,18,326,5.23,94.83,17606.56,6827.56,10779.00,51.18,61.22,51.18,909.82,16696.74
desktop,2013-02,440,440,18,422,4.09,96.06,23355.60,8983.60,14372.00,53.08,61.54,53.08,919.82,22435.78
desktop,2013-03,348,348,19,329,5.46,94.65,17946.52,6947.52,10999.00,51.57,61.29,51.57,959.81,16986.71
desktop,2013-04,502,502,20,482,3.98,96.10,25914.98,10029.98,15885.00,51.62,61.30,51.62,1009.80,24905.18
desktop,2013-05,508,508,27,481,5.31,94.75,26104.92,10113.92,15991.00,51.39,61.26,51.39,1369.73,24735.19
desktop,2013-06,545,545,31,514,5.69,94.32,28004.55,10850.05,17154.50,51.38,61.26,51.38,1589.69,26414.86
desktop,2013-07,520,520,41,479,7.88,92.28,26804.80,10377.80,16427.00,51.55,61.28,51.55,2069.59,24735.21
desktop,2013-08,526,526,29,497,5.51,94.57,27074.74,10485.74,16589.00,51.47,61.27,51.47,1469.71,25605.03
desktop,2013-09,526,532,18,514,3.38,96.72,27404.68,10611.68,16793.00,51.51,61.28,52.10,899.82,26504.86
desktop,2013-10,607,634,16,618,2.52,97.51,32903.66,12719.66,20184.00,51.90,61.34,54.21,819.84,32083.82
desktop,2013-11,711,739,15,724,2.03,97.97,38362.61,14829.11,23533.50,51.91,61.34,53.96,779.85,37582.76
desktop,2013-12,854,936,36,900,3.85,96.18,47792.64,18098.64,29694.00,51.06,62.13,55.96,1825.64,45967.00
desktop,2014-01,825,924,31,893,3.35,96.69,47064.76,17666.76,29398.00,50.94,62.46,57.05,1559.69,45505.07
desktop,2014-02,840,1110,37,1073,3.33,96.66,54300.90,19944.90,34356.00,48.92,63.27,64.64,1811.63,52489.27
desktop,2014-03,898,1211,37,1174,3.06,96.95,57769.89,21266.39,36503.50,47.70,63.19,64.33,1763.63,56006.26
desktop,2014-04,1019,1353,45,1308,3.33,96.54,64354.47,23706.97,40647.50,47.56,63.16,63.15,2223.55,62130.92
desktop,2014-05,1135,1552,42,1510,2.71,97.31,73752.48,27180.48,46572.00,47.52,63.15,64.98,1987.58,71764.90
desktop,2014-06,1032,1396,60,1336,4.30,95.64,66634.04,24500.04,42134.00,47.73,63.23,64.57,2907.40,63726.64
desktop,2014-07,1070,1456,63,1393,4.33,95.49,69247.44,25499.44,43748.00,47.56,63.18,64.72,3121.37,66126.07
desktop,2014-08,1127,1537,78,1459,5.07,94.71,72442.63,26621.13,45821.50,47.13,63.25,64.28,3835.22,68607.41
desktop,2014-09,1213,1666,199,1467,11.94,87.38,78457.34,28825.34,49632.00,47.09,63.26,64.68,9902.01,68555.33
desktop,2014-10,1378,1884,55,1829,2.92,97.05,88903.16,32621.16,56282.00,47.19,63.31,64.52,2621.45,86281.71
desktop,2014-11,1737,2371,56,2315,2.36,97.61,112298.29,41343.79,70954.50,47.36,63.18,64.65,2683.44,109614.85
desktop,2014-12,2007,2689,101,2588,3.76,96.13,125653.11,45929.61,79723.50,46.73,63.45,62.61,4868.99,120784.12
desktop,2015-01,1834,2489,84,2405,3.37,96.48,115649.11,42203.61,73445.50,46.46,63.51,63.06,4071.16,111577.95
desktop,2015-02,1801,2352,71,2281,3.02,96.92,112276.48,41003.48,71273.00,47.74,63.48,62.34,3463.29,108813.19
desktop,2015-03,1105,1499,77,1422,5.14,94.79,70051.01,25680.51,44370.50,46.73,63.34,63.39,3651.23,66399.78
mobile,2012-03,10,10,0,10,0.00,100.00,499.90,194.90,305.00,49.99,61.01,49.99,0.00,499.90
mobile,2012-04,15,15,1,14,6.67,93.33,749.85,292.35,457.50,49.99,61.01,49.99,49.99,699.86
mobile,2012-05,12,12,0,12,0.00,100.00,599.88,233.88,366.00,49.99,61.01,49.99,0.00,599.88
mobile,2012-06,9,9,0,9,0.00,100.00,449.91,175.41,274.50,49.99,61.01,49.99,0.00,449.91
mobile,2012-07,19,19,0,19,0.00,100.00,949.81,370.31,579.50,49.99,61.01,49.99,0.00,949.81
mobile,2012-08,13,13,0,13,0.00,100.00,649.87,253.37,396.50,49.99,61.01,49.99,0.00,649.87
mobile,2012-09,26,26,3,23,11.54,88.46,1299.74,506.74,793.00,49.99,61.01,49.99,149.97,1149.77
mobile,2012-10,34,34,3,31,8.82,91.18,1699.66,662.66,1037.00,49.99,61.01,49.99,149.97,1549.69
mobile,2012-11,55,55,1,54,1.82,98.18,2749.45,1071.95,1677.50,49.99,61.01,49.99,49.99,2699.46
mobile,2012-12,40,40,5,35,12.50,87.50,1999.60,779.60,1220.00,49.99,61.01,49.99,249.95,1749.65
mobile,2013-01,46,46,3,43,6.52,93.64,2359.54,914.54,1445.00,51.29,61.24,51.29,149.97,2209.57
mobile,2013-02,58,58,5,53,8.62,92.09,3159.42,1208.42,1951.00,54.47,61.75,54.47,249.95,2909.47
mobile,2013-03,37,37,2,35,5.41,94.36,1949.63,751.13,1198.50,52.69,61.47,52.69,109.98,1839.65
mobile,2013-04,51,51,3,48,5.88,94.38,2669.49,1029.99,1639.50,52.34,61.42,52.34,149.97,2519.52
mobile,2013-05,63,63,4,59,6.35,93.56,3259.37,1260.87,1998.50,51.74,61.32,51.74,209.96,3049.41
mobile,2013-06,48,48,3,45,6.25,93.70,2539.52,977.52,1562.00,52.91,61.51,52.91,159.97,2379.55
mobile,2013-07,84,84,4,80,4.76,95.39,4339.16,1679.16,2660.00,51.66,61.30,51.66,199.96,4139.20
mobile,2013-08,82,82,6,76,7.32,93.02,4299.18,1658.18,2641.00,52.43,61.43,52.43,299.94,3999.24
mobile,2013-09,103,103,6,97,5.83,94.36,5318.97,2058.47,3260.50,51.64,61.30,51.64,299.94,5019.03
mobile,2013-10,101,104,3,101,2.88,97.19,5338.96,2068.96,3270.00,51.34,61.25,52.86,149.97,5188.99
mobile,2013-11,150,159,3,156,1.89,98.19,8268.41,3194.91,5073.50,52.00,61.36,55.12,149.97,8118.44
mobile,2013-12,193,204,9,195,4.41,95.70,10469.96,3973.96,6496.00,51.32,62.04,54.25,449.91,10020.05
mobile,2014-01,157,187,5,182,2.67,97.50,9504.13,3535.63,5968.50,50.82,62.80,60.54,237.95,9266.18
mobile,2014-02,181,238,12,226,5.04,94.78,11711.62,4305.62,7406.00,49.21,63.24,64.71,611.88,11099.74
mobile,2014-03,168,216,8,208,3.70,95.97,10419.84,3854.84,6565.00,48.24,63.00,62.02,419.92,9999.92
mobile,2014-04,222,304,10,294,3.29,96.63,14370.96,5304.96,9066.00,47.27,63.09,64.73,483.90,13887.06
mobile,2014-05,233,321,9,312,2.80,97.25,15182.79,5587.29,9595.50,47.30,63.20,65.16,417.91,14764.88
mobile,2014-06,207,279,9,270,3.23,96.50,13417.21,4950.71,8466.50,48.09,63.10,64.82,469.91,12947.30
mobile,2014-07,216,289,15,274,5.19,94.90,14041.11,5222.61,8818.50,48.59,62.80,65.01,715.85,13325.26
mobile,2014-08,198,255,15,240,5.88,93.73,12273.45,4515.95,7757.50,48.13,63.21,61.99,769.85,11503.60
mobile,2014-09,211,285,38,247,13.33,86.41,13775.15,5097.65,8677.50,48.33,62.99,65.29,1871.62,11903.53
mobile,2014-10,231,318,5,313,1.57,98.59,15002.82,5537.82,9465.00,47.18,63.09,64.95,211.95,14790.87
mobile,2014-11,248,331,9,322,2.72,97.38,15864.69,5834.19,10030.50,47.93,63.23,63.97,415.91,15448.78
mobile,2014-12,307,409,21,388,5.13,94.58,19169.91,7036.41,12133.50,46.87,63.29,62.44,1039.79,18130.12
mobile,2015-01,264,357,16,341,4.48,95.23,16562.43,6096.93,10465.50,46.39,63.19,62.74,789.84,15772.59
mobile,2015-02,267,354,8,346,2.26,97.59,16936.46,6203.46,10733.00,47.84,63.37,63.43,407.92,16528.54
mobile,2015-03,149,194,5,189,2.58,97.24,8900.06,3240.06,5660.00,45.88,63.60,59.73,245.95,8654.11
